Kernel,Time (s),Temperature (C),Power (W),Memory Usage (MB),GPU Utilization (%),Graphics Clock (MHz),Memory Clock (MHz),Decoder Utilization (%),Encoder Utilization (%),Decoder Memory Usage (MB),Encoder Memory Usage (MB),PCIe Tx Throughput (KB/s),PCIe Rx Throughput (KB/s)
Dataset_III_YOLOv8n_Detect,0.000840,57,32.970,1767.9375,0,210,405,"[0, 100000]","[0, 100000]",0,0,292,292
Dataset_III_YOLOv8n_Detect,0.543510,57,32.927,1767.9375,0,210,405,"[0, 100000]","[0, 100000]",0,0,341,292
Dataset_III_YOLOv8n_Detect,1.086107,57,32.927,1767.9375,0,210,405,"[0, 100000]","[0, 100000]",0,0,292,244
Dataset_III_YOLOv8n_Detect,1.628669,57,32.866,1767.9375,0,210,405,"[0, 100000]","[0, 100000]",0,0,341,292
Dataset_III_YOLOv8n_Detect,2.171360,57,32.866,1767.9375,0,210,405,"[0, 100000]","[0, 100000]",0,0,341,292
Dataset_III_YOLOv8n_Detect,2.714060,57,32.844,1767.9375,0,210,405,"[0, 100000]","[0, 100000]",0,0,341,292
Dataset_III_YOLOv8n_Detect,3.262715,57,32.837,1767.9375,0,210,405,"[0, 100000]","[0, 100000]",0,0,292,244
Dataset_III_YOLOv8n_Detect,3.810022,57,32.837,1767.9375,0,210,405,"[0, 100000]","[0, 100000]",0,0,341,341
Dataset_III_YOLOv8n_Detect,4.351724,57,38.531,1767.9375,0,2505,10001,"[0, 100000]","[0, 100000]",0,0,390,341
Dataset_III_YOLOv8n_Detect,4.894532,58,48.520,1767.9375,2,2505,10001,"[0, 100000]","[0, 100000]",0,0,390,292
Dataset_III_YOLOv8n_Detect,5.450332,58,74.777,5797.9375,2,2505,10001,"[0, 100000]","[0, 100000]",0,0,439,390
Dataset_III_YOLOv8n_Detect,5.992110,59,89.542,5797.9375,33,2505,10001,"[0, 100000]","[0, 100000]",0,0,8154,56445
Dataset_III_YOLOv8n_Detect,6.537594,62,104.489,5797.9375,33,2505,10001,"[0, 100000]","[0, 100000]",0,0,8789,107763
Dataset_III_YOLOv8n_Detect,7.080436,61,115.170,5973.9375,0,2505,10001,"[0, 100000]","[0, 100000]",0,0,341,292
Dataset_III_YOLOv8n_Detect,7.622494,60,115.678,5973.9375,0,2505,10001,"[0, 100000]","[0, 100000]",0,0,292,292
Dataset_III_YOLOv8n_Detect,8.164535,60,115.760,5973.9375,0,2505,10001,"[0, 100000]","[0, 100000]",0,0,60302,1226318
Dataset_III_YOLOv8n_Detect,8.707809,60,116.532,5973.9375,0,2505,10001,"[0, 100000]","[0, 100000]",0,0,390,341
Dataset_III_YOLOv8n_Detect,9.249341,62,116.497,5973.9375,0,2505,10001,"[0, 100000]","[0, 100000]",0,0,16162,52539
Dataset_III_YOLOv8n_Detect,9.792039,60,116.404,5973.9375,0,2505,10001,"[0, 100000]","[0, 100000]",0,0,341,292
Dataset_III_YOLOv8n_Detect,10.334334,60,116.199,5973.9375,0,2505,10001,"[0, 100000]","[0, 100000]",0,0,292,292
Dataset_III_YOLOv8n_Detect,10.876436,60,116.375,5973.9375,6,2505,10001,"[0, 100000]","[0, 100000]",0,0,341,331542
Dataset_III_YOLOv8n_Detect,11.418970,60,119.801,5973.9375,6,2505,10001,"[0, 100000]","[0, 100000]",0,0,17773,58056
Dataset_III_YOLOv8n_Detect,11.961522,60,120.194,5973.9375,30,2505,10001,"[0, 100000]","[0, 100000]",0,0,341,292
Dataset_III_YOLOv8n_Detect,12.503772,60,124.368,5973.9375,30,2505,10001,"[0, 100000]","[0, 100000]",0,0,292,292
Dataset_III_YOLOv8n_Detect,13.045994,60,126.049,5973.9375,1,2505,10001,"[0, 100000]","[0, 100000]",0,0,341,2054638
Dataset_III_YOLOv8n_Detect,13.589063,60,126.324,5973.9375,1,2505,10001,"[0, 100000]","[0, 100000]",0,0,11718,77099
Dataset_III_YOLOv8n_Detect,14.131551,62,126.096,5973.9375,0,2505,10001,"[0, 100000]","[0, 100000]",0,0,341,292
Dataset_III_YOLOv8n_Detect,14.673734,63,126.183,5973.9375,0,2505,10001,"[0, 100000]","[0, 100000]",0,0,341,292
Dataset_III_YOLOv8n_Detect,15.216040,64,120.638,6263.9375,19,2475,10001,"[0, 100000]","[0, 100000]",0,0,20507,162548
Dataset_III_YOLOv8n_Detect,15.760090,61,112.518,7263.9375,19,2505,10001,"[0, 100000]","[0, 100000]",0,0,11262158,976
Dataset_III_YOLOv8n_Detect,16.321890,61,92.801,7263.9375,29,2505,10001,"[0, 100000]","[0, 100000]",0,0,341,292
Dataset_III_YOLOv8n_Detect,16.884828,60,85.550,7263.9375,0,2505,10001,"[0, 100000]","[0, 100000]",0,0,292,292
Dataset_III_YOLOv8n_Detect,17.426877,60,77.581,7263.9375,0,2505,10001,"[0, 100000]","[0, 100000]",0,0,341,292
Dataset_III_YOLOv8n_Detect,17.968989,60,77.581,7263.9375,0,2505,10001,"[0, 100000]","[0, 100000]",0,0,341,292
Dataset_III_YOLOv8n_Detect,18.511029,60,76.848,7263.9375,0,2505,10001,"[0, 100000]","[0, 100000]",0,0,390,292
Dataset_III_YOLOv8n_Detect,19.053149,61,76.796,7263.9375,0,2505,10001,"[0, 100000]","[0, 100000]",0,0,292,292
Dataset_III_YOLOv8n_Detect,19.595337,61,76.857,7263.9375,0,2400,10001,"[0, 100000]","[0, 100000]",0,0,31787,130957
Dataset_III_YOLOv8n_Detect,20.142889,61,81.743,7263.9375,10,2505,10001,"[0, 100000]","[0, 100000]",0,0,1671826,341
Dataset_III_YOLOv8n_Detect,20.695612,61,84.430,7263.9375,10,2505,10001,"[0, 100000]","[0, 100000]",0,0,341,292
Dataset_III_YOLOv8n_Detect,21.242820,61,81.118,7263.9375,0,2505,10001,"[0, 100000]","[0, 100000]",0,0,341,292
Dataset_III_YOLOv8n_Detect,21.829346,61,81.118,7263.9375,0,2505,10001,"[0, 100000]","[0, 100000]",0,0,292,292
Dataset_III_YOLOv8n_Detect,22.441627,61,77.108,7263.9375,0,2505,10001,"[0, 100000]","[0, 100000]",0,0,292,292
